[{"model": "admin.logentry", "pk": 1, "fields": {"action_time": "2023-08-03T04:55:27.271Z", "user": 1, "content_type": 8, "object_id": "1", "object_repr": "йцукен - Posted", "action_flag": 1, "change_message": "[{\"added\": {}}]"}}, {"model": "admin.logentry", "pk": 2, "fields": {"action_time": "2023-08-03T04:55:41.883Z", "user": 1, "content_type": 8, "object_id": "2", "object_repr": "sdfghjkl - Posted", "action_flag": 1, "change_message": "[{\"added\": {}}]"}}, {"model": "admin.logentry", "pk": 3, "fields": {"action_time": "2023-08-03T06:04:23.924Z", "user": 1, "content_type": 11, "object_id": "1", "object_repr": "Profile object (1)", "action_flag": 1, "change_message": "[{\"added\": {}}]"}}, {"model": "admin.logentry", "pk": 4, "fields": {"action_time": "2023-08-03T06:27:16.424Z", "user": 1, "content_type": 7, "object_id": "1", "object_repr": "Sport - 10", "action_flag": 1, "change_message": "[{\"added\": {}}]"}}, {"model": "admin.logentry", "pk": 5, "fields": {"action_time": "2023-08-03T06:27:23.318Z", "user": 1, "content_type": 7, "object_id": "2", "object_repr": "Music - 10", "action_flag": 1, "change_message": "[{\"added\": {}}]"}}, {"model": "admin.logentry", "pk": 6, "fields": {"action_time": "2023-08-03T06:27:34.880Z", "user": 1, "content_type": 7, "object_id": "3", "object_repr": "Scary Photos - 10", "action_flag": 1, "change_message": "[{\"added\": {}}]"}}, {"model": "admin.logentry", "pk": 7, "fields": {"action_time": "2023-08-03T06:27:54.484Z", "user": 1, "content_type": 7, "object_id": "4", "object_repr": "Cars - 10", "action_flag": 1, "change_message": "[{\"added\": {}}]"}}, {"model": "admin.logentry", "pk": 8, "fields": {"action_time": "2023-08-03T06:28:00.706Z", "user": 1, "content_type": 7, "object_id": "5", "object_repr": "Pets - 10", "action_flag": 1, "change_message": "[{\"added\": {}}]"}}, {"model": "admin.logentry", "pk": 9, "fields": {"action_time": "2023-08-03T06:28:18.039Z", "user": 1, "content_type": 9, "object_id": "1", "object_repr": "post_videos/Чем_Александр_Овечкин_недоволен_в_США_shorts_S7GwYLF.mp4 - 2023-08-03 06:28:18.038997+00:00", "action_flag": 1, "change_message": "[{\"added\": {}}]"}}, {"model": "admin.logentry", "pk": 10, "fields": {"action_time": "2023-08-03T06:28:31.107Z", "user": 1, "content_type": 9, "object_id": "2", "object_repr": "post_videos/INSIDE_a_HISTORICAL_11950000_TOWNHOUSE_in_NYC_nyc_shorts_design_E4xkih3.mp4 - 2023-08-03 06:28:31.107918+00:00", "action_flag": 1, "change_message": "[{\"added\": {}}]"}}, {"model": "admin.logentry", "pk": 11, "fields": {"action_time": "2023-08-03T11:17:25.800Z", "user": 1, "content_type": 4, "object_id": "2", "object_repr": "admin2", "action_flag": 1, "change_message": "[{\"added\": {}}]"}}, {"model": "admin.logentry", "pk": 12, "fields": {"action_time": "2023-08-04T07:47:57.752Z", "user": 1, "content_type": 9, "object_id": "3", "object_repr": "post_videos/INSIDE_a_HISTORICAL_11950000_TOWNHOUSE_in_NYC_nyc_shorts_design_2g87yEd.mp4 - 2023-08-04 07:47:57.751664+00:00", "action_flag": 1, "change_message": "[{\"added\": {}}]"}}, {"model": "admin.logentry", "pk": 13, "fields": {"action_time": "2023-08-07T04:20:05.091Z", "user": 1, "content_type": 10, "object_id": "1", "object_repr": "admin - core.Post.None", "action_flag": 1, "change_message": "[{\"added\": {}}]"}}, {"model": "admin.logentry", "pk": 14, "fields": {"action_time": "2023-08-07T04:20:51.292Z", "user": 1, "content_type": 10, "object_id": "2", "object_repr": "admin2 - core.Post.None", "action_flag": 1, "change_message": "[{\"added\": {}}]"}}, {"model": "admin.logentry", "pk": 15, "fields": {"action_time": "2023-08-07T04:56:53.254Z", "user": 1, "content_type": 10, "object_id": "1", "object_repr": "admin - core.Post.None", "action_flag": 2, "change_message": "[{\"changed\": {\"fields\": [\"Saved post\"]}}]"}}, {"model": "admin.logentry", "pk": 16, "fields": {"action_time": "2023-08-08T04:45:59.106Z", "user": 1, "content_type": 8, "object_id": "3", "object_repr": "photo1 - Posted", "action_flag": 1, "change_message": "[{\"added\": {}}]"}}, {"model": "admin.logentry", "pk": 17, "fields": {"action_time": "2023-08-08T04:46:25.686Z", "user": 1, "content_type": 8, "object_id": "4", "object_repr": "dog dog - Posted", "action_flag": 1, "change_message": "[{\"added\": {}}]"}}, {"model": "admin.logentry", "pk": 18, "fields": {"action_time": "2023-08-08T04:47:02.255Z", "user": 1, "content_type": 8, "object_id": "5", "object_repr": "Cat - Posted", "action_flag": 1, "change_message": "[{\"added\": {}}]"}}, {"model": "admin.logentry", "pk": 19, "fields": {"action_time": "2023-08-08T04:47:30.877Z", "user": 1, "content_type": 8, "object_id": "6", "object_repr": "dogs&socks - Posted", "action_flag": 1, "change_message": "[{\"added\": {}}]"}}, {"model": "admin.logentry", "pk": 20, "fields": {"action_time": "2023-08-08T04:48:00.700Z", "user": 1, "content_type": 8, "object_id": "3", "object_repr": "photo1 - Posted", "action_flag": 2, "change_message": "[{\"changed\": {\"fields\": [\"Photo\"]}}]"}}, {"model": "admin.logentry", "pk": 21, "fields": {"action_time": "2023-08-09T05:05:08.417Z", "user": 1, "content_type": 8, "object_id": "7", "object_repr": "testtest - Posted", "action_flag": 2, "change_message": "[{\"changed\": {\"fields\": [\"Post author\"]}}]"}}, {"model": "admin.logentry", "pk": 22, "fields": {"action_time": "2023-08-09T05:20:27.981Z", "user": 1, "content_type": 8, "object_id": "7", "object_repr": "testtest - Posted", "action_flag": 2, "change_message": "[{\"changed\": {\"fields\": [\"Photo\"]}}]"}}, {"model": "admin.logentry", "pk": 23, "fields": {"action_time": "2023-08-09T08:01:24.248Z", "user": 1, "content_type": 12, "object_id": "2", "object_repr": "What is structure of", "action_flag": 1, "change_message": "[{\"added\": {}}]"}}, {"model": "admin.logentry", "pk": 24, "fields": {"action_time": "2023-08-10T05:54:18.361Z", "user": 1, "content_type": 10, "object_id": "2", "object_repr": "admin2 - core.Post.None", "action_flag": 3, "change_message": ""}}, {"model": "admin.logentry", "pk": 25, "fields": {"action_time": "2023-08-10T05:54:22.817Z", "user": 1, "content_type": 10, "object_id": "1", "object_repr": "admin - core.Post.None", "action_flag": 3, "change_message": ""}}, {"model": "admin.logentry", "pk": 26, "fields": {"action_time": "2023-08-10T08:55:15.190Z", "user": 1, "content_type": 11, "object_id": "1", "object_repr": "Profile object (1)", "action_flag": 2, "change_message": "[{\"changed\": {\"fields\": [\"Nickname\", \"Description\"]}}]"}}, {"model": "admin.logentry", "pk": 27, "fields": {"action_time": "2023-08-14T07:44:58.709Z", "user": 1, "content_type": 11, "object_id": "1", "object_repr": "Profile object (1)", "action_flag": 2, "change_message": "[{\"changed\": {\"fields\": [\"Subscriber\"]}}]"}}, {"model": "admin.logentry", "pk": 28, "fields": {"action_time": "2023-08-14T08:04:47.997Z", "user": 1, "content_type": 11, "object_id": "1", "object_repr": "Profile object (1)", "action_flag": 2, "change_message": "[]"}}, {"model": "admin.logentry", "pk": 29, "fields": {"action_time": "2023-08-14T09:15:31.017Z", "user": 1, "content_type": 11, "object_id": "1", "object_repr": "Profile object (1)", "action_flag": 2, "change_message": "[]"}}, {"model": "admin.logentry", "pk": 30, "fields": {"action_time": "2023-08-15T05:18:55.279Z", "user": 1, "content_type": 11, "object_id": "1", "object_repr": "Profile object (1)", "action_flag": 2, "change_message": "[{\"changed\": {\"fields\": [\"Subscriber\"]}}]"}}, {"model": "admin.logentry", "pk": 31, "fields": {"action_time": "2023-08-15T05:19:04.729Z", "user": 1, "content_type": 11, "object_id": "2", "object_repr": "Profile object (2)", "action_flag": 1, "change_message": "[{\"added\": {}}]"}}, {"model": "admin.logentry", "pk": 32, "fields": {"action_time": "2023-08-15T05:20:07.358Z", "user": 1, "content_type": 8, "object_id": "6", "object_repr": "dogs&socks - Posted", "action_flag": 2, "change_message": "[{\"changed\": {\"fields\": [\"Post author\"]}}]"}}, {"model": "admin.logentry", "pk": 33, "fields": {"action_time": "2023-08-15T08:25:16.586Z", "user": 1, "content_type": 11, "object_id": "2", "object_repr": "Profile object (2)", "action_flag": 2, "change_message": "[{\"changed\": {\"fields\": [\"Subscriber\"]}}]"}}, {"model": "admin.logentry", "pk": 34, "fields": {"action_time": "2023-08-15T08:25:30.403Z", "user": 1, "content_type": 11, "object_id": "1", "object_repr": "Profile object (1)", "action_flag": 2, "change_message": "[{\"changed\": {\"fields\": [\"Subscriber\"]}}]"}}, {"model": "admin.logentry", "pk": 35, "fields": {"action_time": "2023-08-16T05:10:36.620Z", "user": 1, "content_type": 13, "object_id": "1", "object_repr": "ndfkdkn;s", "action_flag": 1, "change_message": "[{\"added\": {}}]"}}, {"model": "admin.logentry", "pk": 36, "fields": {"action_time": "2023-08-16T05:10:42.793Z", "user": 1, "content_type": 13, "object_id": "2", "object_repr": "sdffds", "action_flag": 1, "change_message": "[{\"added\": {}}]"}}, {"model": "admin.logentry", "pk": 37, "fields": {"action_time": "2023-08-16T05:38:30.332Z", "user": 1, "content_type": 11, "object_id": "2", "object_repr": "Profile object (2)", "action_flag": 2, "change_message": "[]"}}, {"model": "admin.logentry", "pk": 38, "fields": {"action_time": "2023-08-16T05:45:12.471Z", "user": 1, "content_type": 11, "object_id": "1", "object_repr": "Profile object (1)", "action_flag": 2, "change_message": "[]"}}, {"model": "admin.logentry", "pk": 39, "fields": {"action_time": "2023-08-16T05:49:10.681Z", "user": 1, "content_type": 4, "object_id": "7", "object_repr": "admin111", "action_flag": 1, "change_message": "[{\"added\": {}}]"}}, {"model": "admin.logentry", "pk": 40, "fields": {"action_time": "2023-08-16T05:49:20.880Z", "user": 1, "content_type": 11, "object_id": "3", "object_repr": "Profile object (3)", "action_flag": 1, "change_message": "[{\"added\": {}}]"}}, {"model": "auth.permission", "pk": 1, "fields": {"name": "Can add log entry", "content_type": 1, "codename": "add_logentry"}}, {"model": "auth.permission", "pk": 2, "fields": {"name": "Can change log entry", "content_type": 1, "codename": "change_logentry"}}, {"model": "auth.permission", "pk": 3, "fields": {"name": "Can delete log entry", "content_type": 1, "codename": "delete_logentry"}}, {"model": "auth.permission", "pk": 4, "fields": {"name": "Can view log entry", "content_type": 1, "codename": "view_logentry"}}, {"model": "auth.permission", "pk": 5, "fields": {"name": "Can add permission", "content_type": 2, "codename": "add_permission"}}, {"model": "auth.permission", "pk": 6, "fields": {"name": "Can change permission", "content_type": 2, "codename": "change_permission"}}, {"model": "auth.permission", "pk": 7, "fields": {"name": "Can delete permission", "content_type": 2, "codename": "delete_permission"}}, {"model": "auth.permission", "pk": 8, "fields": {"name": "Can view permission", "content_type": 2, "codename": "view_permission"}}, {"model": "auth.permission", "pk": 9, "fields": {"name": "Can add group", "content_type": 3, "codename": "add_group"}}, {"model": "auth.permission", "pk": 10, "fields": {"name": "Can change group", "content_type": 3, "codename": "change_group"}}, {"model": "auth.permission", "pk": 11, "fields": {"name": "Can delete group", "content_type": 3, "codename": "delete_group"}}, {"model": "auth.permission", "pk": 12, "fields": {"name": "Can view group", "content_type": 3, "codename": "view_group"}}, {"model": "auth.permission", "pk": 13, "fields": {"name": "Can add user", "content_type": 4, "codename": "add_user"}}, {"model": "auth.permission", "pk": 14, "fields": {"name": "Can change user", "content_type": 4, "codename": "change_user"}}, {"model": "auth.permission", "pk": 15, "fields": {"name": "Can delete user", "content_type": 4, "codename": "delete_user"}}, {"model": "auth.permission", "pk": 16, "fields": {"name": "Can view user", "content_type": 4, "codename": "view_user"}}, {"model": "auth.permission", "pk": 17, "fields": {"name": "Can add content type", "content_type": 5, "codename": "add_contenttype"}}, {"model": "auth.permission", "pk": 18, "fields": {"name": "Can change content type", "content_type": 5, "codename": "change_contenttype"}}, {"model": "auth.permission", "pk": 19, "fields": {"name": "Can delete content type", "content_type": 5, "codename": "delete_contenttype"}}, {"model": "auth.permission", "pk": 20, "fields": {"name": "Can view content type", "content_type": 5, "codename": "view_contenttype"}}, {"model": "auth.permission", "pk": 21, "fields": {"name": "Can add session", "content_type": 6, "codename": "add_session"}}, {"model": "auth.permission", "pk": 22, "fields": {"name": "Can change session", "content_type": 6, "codename": "change_session"}}, {"model": "auth.permission", "pk": 23, "fields": {"name": "Can delete session", "content_type": 6, "codename": "delete_session"}}, {"model": "auth.permission", "pk": 24, "fields": {"name": "Can view session", "content_type": 6, "codename": "view_session"}}, {"model": "auth.permission", "pk": 25, "fields": {"name": "Can add Category", "content_type": 7, "codename": "add_category"}}, {"model": "auth.permission", "pk": 26, "fields": {"name": "Can change Category", "content_type": 7, "codename": "change_category"}}, {"model": "auth.permission", "pk": 27, "fields": {"name": "Can delete Category", "content_type": 7, "codename": "delete_category"}}, {"model": "auth.permission", "pk": 28, "fields": {"name": "Can view Category", "content_type": 7, "codename": "view_category"}}, {"model": "auth.permission", "pk": 29, "fields": {"name": "Can add post", "content_type": 8, "codename": "add_post"}}, {"model": "auth.permission", "pk": 30, "fields": {"name": "Can change post", "content_type": 8, "codename": "change_post"}}, {"model": "auth.permission", "pk": 31, "fields": {"name": "Can delete post", "content_type": 8, "codename": "delete_post"}}, {"model": "auth.permission", "pk": 32, "fields": {"name": "Can view post", "content_type": 8, "codename": "view_post"}}, {"model": "auth.permission", "pk": 33, "fields": {"name": "Can add Video", "content_type": 9, "codename": "add_short"}}, {"model": "auth.permission", "pk": 34, "fields": {"name": "Can change Video", "content_type": 9, "codename": "change_short"}}, {"model": "auth.permission", "pk": 35, "fields": {"name": "Can delete Video", "content_type": 9, "codename": "delete_short"}}, {"model": "auth.permission", "pk": 36, "fields": {"name": "Can view Video", "content_type": 9, "codename": "view_short"}}, {"model": "auth.permission", "pk": 37, "fields": {"name": "Can add Saved Post", "content_type": 10, "codename": "add_savedposts"}}, {"model": "auth.permission", "pk": 38, "fields": {"name": "Can change Saved Post", "content_type": 10, "codename": "change_savedposts"}}, {"model": "auth.permission", "pk": 39, "fields": {"name": "Can delete Saved Post", "content_type": 10, "codename": "delete_savedposts"}}, {"model": "auth.permission", "pk": 40, "fields": {"name": "Can view Saved Post", "content_type": 10, "codename": "view_savedposts"}}, {"model": "auth.permission", "pk": 41, "fields": {"name": "Can add profile", "content_type": 11, "codename": "add_profile"}}, {"model": "auth.permission", "pk": 42, "fields": {"name": "Can change profile", "content_type": 11, "codename": "change_profile"}}, {"model": "auth.permission", "pk": 43, "fields": {"name": "Can delete profile", "content_type": 11, "codename": "delete_profile"}}, {"model": "auth.permission", "pk": 44, "fields": {"name": "Can view profile", "content_type": 11, "codename": "view_profile"}}, {"model": "auth.permission", "pk": 45, "fields": {"name": "Can add Comment", "content_type": 12, "codename": "add_comment"}}, {"model": "auth.permission", "pk": 46, "fields": {"name": "Can change Comment", "content_type": 12, "codename": "change_comment"}}, {"model": "auth.permission", "pk": 47, "fields": {"name": "Can delete Comment", "content_type": 12, "codename": "delete_comment"}}, {"model": "auth.permission", "pk": 48, "fields": {"name": "Can view Comment", "content_type": 12, "codename": "view_comment"}}, {"model": "auth.permission", "pk": 49, "fields": {"name": "Can add notification", "content_type": 13, "codename": "add_notification"}}, {"model": "auth.permission", "pk": 50, "fields": {"name": "Can change notification", "content_type": 13, "codename": "change_notification"}}, {"model": "auth.permission", "pk": 51, "fields": {"name": "Can delete notification", "content_type": 13, "codename": "delete_notification"}}, {"model": "auth.permission", "pk": 52, "fields": {"name": "Can view notification", "content_type": 13, "codename": "view_notification"}}, {"model": "auth.user", "pk": 1, "fields": {"password": "pbkdf2_sha256$600000$f7e4QD8AYWKhuIwG4H3XOs$DC7Hf1KsEMpAaMSwkah92iml1YBGmOqOMUeeVqpmdiI=", "last_login": "2023-08-25T04:35:08.303Z", "is_superuser": true, "username": "admin", "first_name": "", "last_name": "", "email": "", "is_staff": true, "is_active": true, "date_joined": "2023-08-02T09:22:31.369Z", "groups": [], "user_permissions": []}}, {"model": "auth.user", "pk": 2, "fields": {"password": "pbkdf2_sha256$600000$j6iGdNyNpdnVmd4JPWHaw8$LONFtawaXYmwufvvgclY/QmOPHmpDbO38ZQ62Mqh0Nk=", "last_login": null, "is_superuser": false, "username": "admin2", "first_name": "", "last_name": "", "email": "", "is_staff": false, "is_active": true, "date_joined": "2023-08-03T11:17:25.523Z", "groups": [], "user_permissions": []}}, {"model": "auth.user", "pk": 3, "fields": {"password": "pbkdf2_sha256$600000$IT1bcCkW5kUiuIxo46vbsU$GUZLy5AnT7XFjqITWDA9MrWwka1u2hSz92VFoRpPI+s=", "last_login": null, "is_superuser": false, "username": "odmen", "first_name": "", "last_name": "", "email": "odmen@odmen.com", "is_staff": false, "is_active": true, "date_joined": "2023-08-10T11:09:44.918Z", "groups": [], "user_permissions": []}}, {"model": "auth.user", "pk": 4, "fields": {"password": "pbkdf2_sha256$600000$4SjLDDvppINdlS5VpkGJfP$2UsWRXmBHgT1GNqmg2bf3h7Q62n0812YEZtu9RzCAhg=", "last_login": "2023-08-11T06:03:32.030Z", "is_superuser": false, "username": "odmen1", "first_name": "", "last_name": "", "email": "odmen@odmen.com", "is_staff": false, "is_active": true, "date_joined": "2023-08-10T11:10:46.626Z", "groups": [], "user_permissions": []}}, {"model": "auth.user", "pk": 5, "fields": {"password": "pbkdf2_sha256$600000$Q5bMhOK8899RdrjmoDqUMv$VuZTCa7WqCpGudZ/nu3kkt7C/IW9Mb4FapZ7PWy1uyE=", "last_login": null, "is_superuser": false, "username": "odmen2", "first_name": "", "last_name": "", "email": "odmen@odmen.com", "is_staff": false, "is_active": true, "date_joined": "2023-08-10T11:11:29.493Z", "groups": [], "user_permissions": []}}, {"model": "auth.user", "pk": 6, "fields": {"password": "pbkdf2_sha256$600000$v3vKC8LQGNZvUZ1mHFQgKP$DnlCw6nZJI891Kz3BvwcItMKueVDiFG87yKSFxsjERA=", "last_login": null, "is_superuser": false, "username": "odmen4", "first_name": "", "last_name": "", "email": "odmen4@odmen4.com", "is_staff": false, "is_active": true, "date_joined": "2023-08-10T11:13:14.280Z", "groups": [], "user_permissions": []}}, {"model": "auth.user", "pk": 7, "fields": {"password": "pbkdf2_sha256$600000$XuTg8M7ymQkKccUCX8q8LK$ekGNw7sULXr+EXvqW4+T6N5L4z9Ywger9m0Wq3JcT/k=", "last_login": "2023-08-17T06:02:40.183Z", "is_superuser": false, "username": "admin111", "first_name": "", "last_name": "", "email": "", "is_staff": false, "is_active": true, "date_joined": "2023-08-16T05:49:10.392Z", "groups": [], "user_permissions": []}}, {"model": "contenttypes.contenttype", "pk": 1, "fields": {"app_label": "admin", "model": "logentry"}}, {"model": "contenttypes.contenttype", "pk": 2, "fields": {"app_label": "auth", "model": "permission"}}, {"model": "contenttypes.contenttype", "pk": 3, "fields": {"app_label": "auth", "model": "group"}}, {"model": "contenttypes.contenttype", "pk": 4, "fields": {"app_label": "auth", "model": "user"}}, {"model": "contenttypes.contenttype", "pk": 5, "fields": {"app_label": "contenttypes", "model": "contenttype"}}, {"model": "contenttypes.contenttype", "pk": 6, "fields": {"app_label": "sessions", "model": "session"}}, {"model": "contenttypes.contenttype", "pk": 7, "fields": {"app_label": "core", "model": "category"}}, {"model": "contenttypes.contenttype", "pk": 8, "fields": {"app_label": "core", "model": "post"}}, {"model": "contenttypes.contenttype", "pk": 9, "fields": {"app_label": "core", "model": "short"}}, {"model": "contenttypes.contenttype", "pk": 10, "fields": {"app_label": "core", "model": "savedposts"}}, {"model": "contenttypes.contenttype", "pk": 11, "fields": {"app_label": "core", "model": "profile"}}, {"model": "contenttypes.contenttype", "pk": 12, "fields": {"app_label": "core", "model": "comment"}}, {"model": "contenttypes.contenttype", "pk": 13, "fields": {"app_label": "core", "model": "notification"}}, {"model": "sessions.session", "pk": "1hgd473khu06v5uxjsgmrx4n6xqvm2yh", "fields": {"session_data": ".eJxVjMEOwiAQBf-FsyGwLFA8evcbCLAgVQNJaU_Gf9cmPej1zcx7MR-2tfpt5MXPxM5MstPvFkN65LYDuod26zz1ti5z5LvCDzr4tVN-Xg7376CGUb-11hlDKZoMoNSyJLIJkgOFJHGyEDAjgCU1gUiRjCCKDknZjMKRkez9Ad67N5w:1qSriT:G8qgA44H5RHasMrPLQTlpLFs4GkofH4J9EUHScOf5Hk", "expire_date": "2023-08-21T04:19:37.169Z"}}, {"model": "sessions.session", "pk": "2csoiyqtlph1k4h5ibjlskgophvaw4c2", "fields": {"session_data": ".eJxVjMEOwiAQBf-FsyGwLFA8evcbCLAgVQNJaU_Gf9cmPej1zcx7MR-2tfpt5MXPxM5MstPvFkN65LYDuod26zz1ti5z5LvCDzr4tVN-Xg7376CGUb-11hlDKZoMoNSyJLIJkgOFJHGyEDAjgCU1gUiRjCCKDknZjMKRkez9Ad67N5w:1qR86D:t_TTL2BvoAJszwLLnaEPTw4rfufYrPDLVVhL_hrmq28", "expire_date": "2023-08-16T09:24:57.240Z"}}, {"model": "sessions.session", "pk": "9wzmgigv79qb35riu607pbt853d27lon", "fields": {"session_data": ".eJxVjEEOwiAQRe_C2hBkgGlduu8ZyMAMUjVtUtqV8e7apAvd_vfef6lI21rj1mSJI6uLQnX63RLlh0w74DtNt1nneVqXMeld0QdtephZntfD_Tuo1Oq3tmfqAxLaXIoDsc4Xj6GwgxIMMYhnk7oCnckGPTm0wg6F-wyAFnr1_gDlHDe0:1qW9T7:jWl-wdUu2WuxKMH1PL9GscdQ4foaLlxXEctsfjjzd-M", "expire_date": "2023-08-30T05:53:21.817Z"}}, {"model": "sessions.session", "pk": "ok421ii99h0j3e8w75nn6jhmmbaexxjn", "fields": {"session_data": ".eJxVjMEOwiAQBf-FsyGwLFA8evcbCLAgVQNJaU_Gf9cmPej1zcx7MR-2tfpt5MXPxM5MstPvFkN65LYDuod26zz1ti5z5LvCDzr4tVN-Xg7376CGUb-11hlDKZoMoNSyJLIJkgOFJHGyEDAjgCU1gUiRjCCKDknZjMKRkez9Ad67N5w:1qZOXM:1UxppBwB2pw_bmQJw_gINOdDspXaxwoRL8h4MzFDA8I", "expire_date": "2023-09-08T04:35:08.307Z"}}, {"model": "sessions.session", "pk": "u9alyetf2cj9j2d3169wm6j9ftm6meb8", "fields": {"session_data": ".eJxVjMEOwiAQBf-FsyGwLFA8evcbCLAgVQNJaU_Gf9cmPej1zcx7MR-2tfpt5MXPxM5MstPvFkN65LYDuod26zz1ti5z5LvCDzr4tVN-Xg7376CGUb-11hlDKZoMoNSyJLIJkgOFJHGyEDAjgCU1gUiRjCCKDknZjMKRkez9Ad67N5w:1qXhqq:MOILUU9Dh0tzTjtgBLsy5dbRNAOa-fKxIwqNxlHcXQM", "expire_date": "2023-09-03T12:48:16.613Z"}}, {"model": "sessions.session", "pk": "yxfjg99iteugna5vzm2la511e6rxx38b", "fields": {"session_data": ".eJxVjMEOwiAQBf-FsyGwLFA8evcbCLAgVQNJaU_Gf9cmPej1zcx7MR-2tfpt5MXPxM5MstPvFkN65LYDuod26zz1ti5z5LvCDzr4tVN-Xg7376CGUb-11hlDKZoMoNSyJLIJkgOFJHGyEDAjgCU1gUiRjCCKDknZjMKRkez9Ad67N5w:1qRPmx:swByjlHrFqhVsdMicMn3x_BH9D5SSNxFJcouY1ADgeE", "expire_date": "2023-08-17T04:18:15.705Z"}}, {"model": "core.profile", "pk": 1, "fields": {"user": 1, "nickname": "JEv", "description": "Detail-oriented Civil Engineer and PE with 5 years of experience and a zest for solving complex problems. Seeking to use proven project management and design skills to improve quality, cost and time metrics for NEP Engineering.fds", "photo": "profile_photo/photo_2023-08-15_01-49-55_2iHuwnA.jpg", "link_fb": null, "whatsapp": null, "telegram": null, "subscriber": [1, 2, 3, 4, 5, 7]}}, {"model": "core.profile", "pk": 2, "fields": {"user": 2, "nickname": "adm2", "description": "", "photo": "", "link_fb": null, "whatsapp": null, "telegram": null, "subscriber": [1, 2]}}, {"model": "core.profile", "pk": 3, "fields": {"user": 7, "nickname": "adminadyn", "description": "", "photo": "", "link_fb": null, "whatsapp": null, "telegram": null, "subscriber": [7]}}, {"model": "core.post", "pk": 5, "fields": {"name": "Cat", "description": "CatCatCatCatCatCatCatCatCatCatCatCatCatCatCatCatCatCatCatCatCatCatCatCatCatCatCatCatCatCatCatCatCatCatCatCatCatCatCatCatCatCatCatCatCatCatCatCatCatCatCatCatCatCat", "photo": "post_images/cat_qTGkRLc.jpg", "status": "Posted", "creator": 1, "likes": 14, "category": [1]}}, {"model": "core.post", "pk": 6, "fields": {"name": "dogs&socks", "description": "dogs&socksdogs&socksdogs&socksdogs&socksdogs&socksdogs&socksdogs&socksdogs&socksdogs&socksdogs&socksdogs&socksdogs&socksdogs&socksdogs&socksdogs&socksdogs&socksdogs&socksdogs&socksdogs&socksdogs&socksdogs&socksdogs&socksdogs&socksdogs&socksdogs&socksdogs&socksdogs&socksdogs&socksdogs&socks", "photo": "post_images/dog_and_socks_DrwNuvo.jpg", "status": "Posted", "creator": 2, "likes": 17, "category": [4]}}, {"model": "core.post", "pk": 7, "fields": {"name": "testtest", "description": "Hello World", "photo": "post_images/photo_2023-08-08_16-50-35.jpg", "status": "Posted", "creator": 1, "likes": 0, "category": []}}, {"model": "core.post", "pk": 8, "fields": {"name": "testtest123", "description": "testtest123testtest123testtest123", "photo": "post_images/photo_2023-08-08_16-50-35_mnJUz4y.jpg", "status": "Posted", "creator": 1, "likes": 0, "category": []}}, {"model": "core.post", "pk": 9, "fields": {"name": "te45", "description": "te45te45te45te45te45te45te45te45te45te45", "photo": "post_images/Instagram_logo_2016.svg.png", "status": "Posted", "creator": 1, "likes": 0, "category": []}}, {"model": "core.category", "pk": 1, "fields": {"name": "Sport", "rating": 10}}, {"model": "core.category", "pk": 2, "fields": {"name": "Music", "rating": 10}}, {"model": "core.category", "pk": 3, "fields": {"name": "Scary Photos", "rating": 10}}, {"model": "core.category", "pk": 4, "fields": {"name": "Cars", "rating": 10}}, {"model": "core.category", "pk": 5, "fields": {"name": "Pets", "rating": 10}}, {"model": "core.comment", "pk": 7, "fields": {"post": 5, "created_by": 1, "comment_text": "sdad", "likes_qty": 0, "created_at": "2023-08-22T04:25:05.190Z"}}, {"model": "core.comment", "pk": 8, "fields": {"post": 5, "created_by": 1, "comment_text": "hjkhj", "likes_qty": 0, "created_at": "2023-08-22T04:33:15.440Z"}}, {"model": "core.comment", "pk": 9, "fields": {"post": 5, "created_by": 1, "comment_text": "456fds", "likes_qty": 0, "created_at": "2023-08-22T04:46:44.583Z"}}, {"model": "core.comment", "pk": 10, "fields": {"post": 5, "created_by": 1, "comment_text": "456fds", "likes_qty": 0, "created_at": "2023-08-22T04:46:50.166Z"}}, {"model": "core.comment", "pk": 11, "fields": {"post": 5, "created_by": 1, "comment_text": "dfsd", "likes_qty": 0, "created_at": "2023-08-22T04:47:53.251Z"}}, {"model": "core.comment", "pk": 12, "fields": {"post": 6, "created_by": 1, "comment_text": "dfsdfd", "likes_qty": 0, "created_at": "2023-08-22T05:25:57.037Z"}}, {"model": "core.short", "pk": 1, "fields": {"user": 1, "video": "post_videos/Чем_Александр_Овечкин_недоволен_в_США_shorts_S7GwYLF.mp4", "created_at": "2023-08-03T06:28:18.038Z", "views_qty": 44, "description": "ffff", "viewed_users": [1, 7]}}, {"model": "core.short", "pk": 2, "fields": {"user": 1, "video": "post_videos/INSIDE_a_HISTORICAL_11950000_TOWNHOUSE_in_NYC_nyc_shorts_design_E4xkih3.mp4", "created_at": "2023-08-03T06:28:31.107Z", "views_qty": 8, "description": "123", "viewed_users": [1]}}, {"model": "core.short", "pk": 3, "fields": {"user": 1, "video": "post_videos/INSIDE_a_HISTORICAL_11950000_TOWNHOUSE_in_NYC_nyc_shorts_design_2g87yEd.mp4", "created_at": "2023-08-04T07:47:57.751Z", "views_qty": 8, "description": null, "viewed_users": [1]}}, {"model": "core.short", "pk": 4, "fields": {"user": 1, "video": "post_videos/Чем_Александр_Овечкин_недоволен_в_США_shorts_FAAfNvy.mp4", "created_at": "2023-08-10T04:31:59.412Z", "views_qty": 0, "description": null, "viewed_users": []}}, {"model": "core.short", "pk": 5, "fields": {"user": 1, "video": "post_videos/Чем_Александр_Овечкин_недоволен_в_США_shorts_3jP8dnA.mp4", "created_at": "2023-08-10T04:42:21.329Z", "views_qty": 0, "description": null, "viewed_users": []}}, {"model": "core.short", "pk": 6, "fields": {"user": 1, "video": "post_videos/INSIDE_a_HISTORICAL_11950000_TOWNHOUSE_in_NYC_nyc_shorts_design_ZzxQtYg.mp4", "created_at": "2023-08-10T04:42:56.408Z", "views_qty": 0, "description": null, "viewed_users": []}}, {"model": "core.short", "pk": 7, "fields": {"user": 1, "video": "post_videos/Вы_НИКОГДА_Не_Сможете_Купить_Живого_Тунца.mp4", "created_at": "2023-08-10T04:43:33.393Z", "views_qty": 2, "description": null, "viewed_users": []}}, {"model": "core.short", "pk": 8, "fields": {"user": 1, "video": "post_videos/Bag_nerd_tests_Nutsac_Satchel_13.mp4", "created_at": "2023-08-10T04:44:18.219Z", "views_qty": 0, "description": null, "viewed_users": []}}, {"model": "core.short", "pk": 9, "fields": {"user": 1, "video": "post_videos/bar_cameraman_com_skibidi_toilet_rainbow_games_roblox_viral_skibidi_skibidi.mp4", "created_at": "2023-08-10T04:44:53.499Z", "views_qty": 2, "description": null, "viewed_users": [1]}}, {"model": "core.savedposts", "pk": 3, "fields": {"user": 1, "post": [6, 7]}}, {"model": "core.notification", "pk": 1, "fields": {"user": 1, "text": "ndfkdkn;s", "is_showed": true}}, {"model": "core.notification", "pk": 2, "fields": {"user": 1, "text": "sdffds", "is_showed": true}}, {"model": "core.notification", "pk": 3, "fields": {"user": 7, "text": "user admin111 follow you", "is_showed": true}}, {"model": "core.notification", "pk": 4, "fields": {"user": 1, "text": "user admin111 follow you", "is_showed": true}}, {"model": "core.notification", "pk": 5, "fields": {"user": 1, "text": "user admin follow you", "is_showed": true}}, {"model": "core.notification", "pk": 6, "fields": {"user": 1, "text": "admin111 likes your post 1", "is_showed": true}}, {"model": "core.notification", "pk": 7, "fields": {"user": 1, "text": "admin111 likes your post 1", "is_showed": true}}, {"model": "core.notification", "pk": 8, "fields": {"user": 1, "text": "admin111 likes your post 3", "is_showed": true}}, {"model": "core.notification", "pk": 9, "fields": {"user": 1, "text": "admin111 likes your post 3", "is_showed": true}}, {"model": "core.notification", "pk": 10, "fields": {"user": 1, "text": "admin111 dislikes your post 5", "is_showed": true}}, {"model": "core.notification", "pk": 11, "fields": {"user": 1, "text": "admin111 dislikes your post 5", "is_showed": true}}, {"model": "core.notification", "pk": 12, "fields": {"user": 1, "text": "admin111 dislikes your post 5", "is_showed": true}}, {"model": "core.notification", "pk": 13, "fields": {"user": 1, "text": "admin111 dislikes your post 5", "is_showed": true}}, {"model": "core.notification", "pk": 14, "fields": {"user": 1, "text": "admin111 dislikes your post 5", "is_showed": true}}, {"model": "core.notification", "pk": 15, "fields": {"user": 1, "text": "admin111 dislikes your post 5", "is_showed": true}}, {"model": "core.notification", "pk": 16, "fields": {"user": 1, "text": "admin111 Commented your post 1", "is_showed": true}}, {"model": "core.notification", "pk": 17, "fields": {"user": 1, "text": "admin likes your post 10", "is_showed": true}}, {"model": "core.notification", "pk": 18, "fields": {"user": 1, "text": "admin Commented your post 2", "is_showed": true}}, {"model": "core.notification", "pk": 19, "fields": {"user": 1, "text": "admin Commented your post 9", "is_showed": true}}, {"model": "core.notification", "pk": 20, "fields": {"user": 1, "text": "admin Commented your post 5", "is_showed": true}}, {"model": "core.notification", "pk": 21, "fields": {"user": 1, "text": "admin Commented your post 5", "is_showed": true}}, {"model": "core.notification", "pk": 22, "fields": {"user": 1, "text": "admin likes your post 5", "is_showed": true}}, {"model": "core.notification", "pk": 23, "fields": {"user": 1, "text": "admin dislikes your post 5", "is_showed": true}}, {"model": "core.notification", "pk": 24, "fields": {"user": 1, "text": "admin likes your post 5", "is_showed": true}}, {"model": "core.notification", "pk": 25, "fields": {"user": 1, "text": "admin likes your post 5", "is_showed": true}}, {"model": "core.notification", "pk": 26, "fields": {"user": 1, "text": "admin dislikes your post 5", "is_showed": true}}, {"model": "core.notification", "pk": 27, "fields": {"user": 1, "text": "admin dislikes your post 5", "is_showed": true}}, {"model": "core.notification", "pk": 28, "fields": {"user": 1, "text": "admin likes your post 5", "is_showed": true}}, {"model": "core.notification", "pk": 29, "fields": {"user": 1, "text": "admin likes your post 5", "is_showed": true}}, {"model": "core.notification", "pk": 30, "fields": {"user": 1, "text": "admin likes your post 5", "is_showed": true}}, {"model": "core.notification", "pk": 31, "fields": {"user": 1, "text": "admin likes your post 5", "is_showed": true}}, {"model": "core.notification", "pk": 32, "fields": {"user": 1, "text": "admin dislikes your post 5", "is_showed": true}}, {"model": "core.notification", "pk": 33, "fields": {"user": 1, "text": "admin Commented your post 5", "is_showed": true}}, {"model": "core.notification", "pk": 34, "fields": {"user": 1, "text": "admin likes your post 5", "is_showed": true}}, {"model": "core.notification", "pk": 35, "fields": {"user": 2, "text": "admin likes your post 6", "is_showed": false}}, {"model": "core.notification", "pk": 36, "fields": {"user": 1, "text": "admin likes your post 5", "is_showed": true}}, {"model": "core.notification", "pk": 37, "fields": {"user": 1, "text": "admin Commented your post 5", "is_showed": true}}, {"model": "core.notification", "pk": 38, "fields": {"user": 1, "text": "admin Commented your post 5", "is_showed": true}}, {"model": "core.notification", "pk": 39, "fields": {"user": 1, "text": "admin likes your post 5", "is_showed": true}}, {"model": "core.notification", "pk": 40, "fields": {"user": 1, "text": "admin likes your post 5", "is_showed": true}}, {"model": "core.notification", "pk": 41, "fields": {"user": 1, "text": "admin Commented your post 5", "is_showed": true}}, {"model": "core.notification", "pk": 42, "fields": {"user": 1, "text": "admin likes your post 5", "is_showed": true}}, {"model": "core.notification", "pk": 43, "fields": {"user": 1, "text": "admin likes your post 5", "is_showed": true}}, {"model": "core.notification", "pk": 44, "fields": {"user": 1, "text": "admin dislikes your post 5", "is_showed": true}}, {"model": "core.notification", "pk": 45, "fields": {"user": 2, "text": "admin likes your post 6", "is_showed": false}}, {"model": "core.notification", "pk": 46, "fields": {"user": 2, "text": "admin dislikes your post 6", "is_showed": false}}, {"model": "core.notification", "pk": 47, "fields": {"user": 2, "text": "admin likes your post 6", "is_showed": false}}, {"model": "core.notification", "pk": 48, "fields": {"user": 2, "text": "admin Commented your post 6", "is_showed": false}}, {"model": "core.notification", "pk": 49, "fields": {"user": 1, "text": "user admin follow you", "is_showed": true}}]